risk_id,function,risk_owner,risk_description
RA-001,Information Technology,Chief Information Officer,"Risk that unauthorized access to critical enterprise systems occurs due to inadequate identity and access management controls, resulting in potential data breaches, intellectual property theft, and regulatory penalties under data protection laws."
RA-002,Information Technology,VP of Infrastructure,"Risk that legacy on-premises infrastructure fails to scale during peak business periods due to deferred technology modernization and insufficient capacity planning, resulting in system outages that disrupt order processing and customer-facing operations."
RA-003,Information Technology,Chief Information Security Officer,"Risk that the organization suffers a ransomware attack due to unpatched vulnerabilities in endpoint devices and insufficient network segmentation, resulting in prolonged operational downtime, data loss, and significant remediation costs."
RA-004,Information Technology,Director of IT Operations,"Risk that disaster recovery capabilities are insufficient due to untested backup procedures and lack of a formalized business continuity plan for critical IT systems, resulting in extended recovery times exceeding acceptable thresholds following a major incident."
RA-005,Information Technology,VP of Enterprise Applications,"Risk that critical ERP system configurations are modified without proper change management oversight due to inadequate segregation of duties and lack of automated change controls, resulting in processing errors, data integrity issues, and audit findings."
RA-006,Information Technology,Director of Cloud Services,"Risk that sensitive corporate data is exposed through misconfigured cloud storage buckets and overly permissive API access policies due to rapid cloud migration without adequate security architecture review, resulting in unauthorized data access and regulatory non-compliance."
RA-007,Finance,Chief Financial Officer,"Risk that material misstatements in quarterly and annual financial reports go undetected due to manual reconciliation processes and insufficient review of complex accounting estimates, resulting in SEC enforcement actions, restatements, and loss of investor confidence."
RA-008,Finance,VP of Financial Reporting,"Risk that revenue recognition errors occur due to inconsistent application of ASC 606 across multiple business units and geographies, resulting in material misstatements, audit qualifications, and potential securities litigation."
RA-009,Finance,Controller,"Risk that intercompany transactions are not properly eliminated in consolidation due to timing differences across subsidiaries operating on different close calendars and ERP systems, resulting in misstated consolidated financial statements."
RA-010,Finance,Director of Tax,"Risk that the organization faces unexpected tax liabilities and penalties due to failure to comply with evolving international tax regulations including BEPS Pillar Two and transfer pricing requirements across multiple jurisdictions, resulting in financial exposure and reputational damage."
RA-011,Finance,VP of Treasury,"Risk that foreign currency exposures are inadequately hedged due to lack of real-time visibility into global cash positions and reliance on manual forecasting processes, resulting in significant unplanned foreign exchange losses impacting earnings."
RA-012,Finance,Director of Accounts Payable,"Risk that duplicate or fraudulent vendor payments are processed due to weak matching controls in the procure-to-pay cycle and insufficient master data governance over the vendor file, resulting in financial losses and potential fraud."
RA-013,Finance,Director of Internal Controls,"Risk that management override of internal controls goes undetected due to insufficient monitoring of journal entry activity and lack of automated anomaly detection for high-risk transactions, resulting in fraudulent financial reporting."
RA-014,Human Resources,Chief Human Resources Officer,"Risk that the organization is unable to attract and retain critical talent in key technical and leadership roles due to non-competitive total compensation packages and limited career development pathways, resulting in increased turnover, knowledge loss, and inability to execute strategic initiatives."
RA-015,Human Resources,VP of Talent Acquisition,"Risk that unconscious bias in the hiring process leads to discriminatory outcomes due to lack of structured interview protocols and insufficient diversity training for hiring managers, resulting in EEOC complaints, litigation exposure, and failure to meet workforce diversity objectives."
RA-016,Human Resources,Director of Compensation & Benefits,"Risk that employee benefits programs are not administered in compliance with ERISA, ACA, and state-specific regulations due to complexity of multi-state operations and reliance on manual tracking processes, resulting in regulatory penalties and employee grievances."
RA-017,Human Resources,VP of Employee Relations,"Risk that workplace harassment and misconduct complaints are not investigated promptly or thoroughly due to insufficient investigative resources and inconsistent case management processes, resulting in legal liability, hostile work environment claims, and reputational harm."
RA-018,Human Resources,Director of HR Technology,"Risk that personally identifiable employee information including SSNs, compensation data, and health records is compromised due to inadequate access controls within the HRIS platform and lack of data encryption at rest, resulting in identity theft, regulatory fines, and employee trust erosion."
RA-019,Human Resources,VP of Learning & Development,"Risk that critical institutional knowledge is lost due to insufficient succession planning and knowledge transfer programs for key personnel approaching retirement, resulting in operational disruptions and degraded decision-making capabilities in essential business functions."
RA-020,Legal & Compliance,General Counsel,"Risk that the organization fails to identify and respond to evolving regulatory requirements across global jurisdictions due to fragmented regulatory monitoring processes and siloed compliance functions, resulting in enforcement actions, consent orders, and material financial penalties."
RA-021,Legal & Compliance,Chief Compliance Officer,"Risk that employees engage in violations of anti-bribery and anti-corruption laws including the FCPA and UK Bribery Act due to insufficient training, inadequate due diligence on intermediaries, and weak gift and entertainment controls in high-risk markets, resulting in criminal prosecution and debarment."
RA-022,Legal & Compliance,VP of Data Privacy,"Risk that personal data processing activities violate GDPR, CCPA, and other emerging privacy regulations due to incomplete data inventory mapping, lack of consent management mechanisms, and insufficient data subject rights fulfillment processes, resulting in significant regulatory fines and consumer trust erosion."
RA-023,Legal & Compliance,Director of Litigation Management,"Risk that intellectual property is misappropriated by competitors or former employees due to inadequate trade secret protection programs and inconsistent enforcement of non-compete and non-disclosure agreements, resulting in loss of competitive advantage and costly litigation."
RA-024,Legal & Compliance,VP of Ethics & Compliance,"Risk that the organization's whistleblower and ethics hotline program fails to surface material compliance issues due to fear of retaliation among employees, lack of anonymous reporting channels, and insufficient follow-up on reported concerns, resulting in undetected fraud or regulatory violations escalating in severity."
RA-025,Legal & Compliance,Director of Contract Management,"Risk that the organization enters into unfavorable contractual terms due to inconsistent contract review processes and lack of centralized contract lifecycle management, resulting in unintended liability exposure, missed renewal deadlines, and unfavorable auto-renewal terms."
RA-026,Procurement,Chief Procurement Officer,"Risk that critical supply chain disruptions occur due to over-reliance on single-source suppliers for key components and insufficient supply chain diversification strategies, resulting in production delays, revenue loss, and inability to meet customer commitments."
RA-027,Procurement,VP of Strategic Sourcing,"Risk that the organization overpays for goods and services due to lack of competitive bidding processes, maverick spending outside of negotiated contracts, and insufficient spend analytics capabilities, resulting in margin erosion and failure to capture procurement savings targets."
RA-028,Procurement,Director of Supplier Risk Management,"Risk that third-party vendors with access to sensitive systems and data experience security breaches due to inadequate vendor security assessments and lack of continuous monitoring of vendor cyber hygiene, resulting in downstream data compromises affecting the organization."
RA-029,Procurement,VP of Procurement Operations,"Risk that procurement fraud including bid rigging, kickbacks, and conflicts of interest goes undetected due to insufficient segregation of duties in the sourcing process and lack of proactive data analytics to identify suspicious purchasing patterns, resulting in financial loss and reputational damage."
RA-030,Procurement,Director of Third-Party Governance,"Risk that critical third-party service providers fail to meet contractual SLAs and performance standards due to inadequate ongoing vendor performance monitoring and lack of enforceable remediation mechanisms, resulting in degraded service quality and operational disruptions."
RA-031,Procurement,Manager of Supplier Diversity,"Risk that the organization fails to meet supplier diversity commitments and regulatory requirements due to lack of a structured diverse supplier development program and insufficient tracking and reporting of diverse spend, resulting in loss of government contracts and reputational impact."
RA-032,Operations,Chief Operating Officer,"Risk that critical business processes lack standardization across operating regions due to organic growth, acquisitions, and decentralized management structures, resulting in operational inefficiencies, inconsistent quality, and difficulty implementing enterprise-wide process improvements."
RA-033,Operations,VP of Facilities Management,"Risk that physical security at corporate offices, data centers, and manufacturing facilities is compromised due to outdated access control systems, inconsistent visitor management procedures, and insufficient security personnel coverage, resulting in unauthorized facility access, theft, or workplace violence incidents."
RA-034,Operations,Director of Business Continuity,"Risk that the organization cannot maintain essential operations during a prolonged disruption event such as a pandemic, natural disaster, or civil unrest due to insufficient business continuity planning for non-IT functions and untested crisis communication protocols, resulting in extended operational downtime and revenue loss."
RA-035,Operations,VP of Quality Assurance,"Risk that product or service quality defects reach customers due to insufficient quality control checkpoints, inadequate root cause analysis processes, and lack of real-time quality monitoring dashboards, resulting in product recalls, customer attrition, warranty claims, and regulatory scrutiny."
RA-036,Operations,Director of Process Excellence,"Risk that robotic process automation and other digital transformation initiatives introduce new operational risks due to insufficient testing, lack of exception handling logic, and inadequate governance over bot access and activity, resulting in processing errors at scale and control gaps."
RA-037,Information Technology,Director of Data Governance,"Risk that enterprise data assets are unreliable for business decision-making due to lack of formalized data governance framework, inconsistent data definitions across business units, and absence of data quality monitoring controls, resulting in flawed analytics, regulatory reporting errors, and poor strategic decisions."
RA-038,Finance,Director of Financial Planning & Analysis,"Risk that capital allocation decisions are based on inaccurate or overly optimistic financial projections due to lack of standardized forecasting methodologies and insufficient challenge of management assumptions during the budgeting process, resulting in misallocation of resources and failure to achieve return targets."
RA-039,Legal & Compliance,Director of Regulatory Affairs,"Risk that the organization fails to comply with sanctions and export control regulations due to inadequate screening of customers, suppliers, and transactions against restricted party lists and lack of automated trade compliance controls, resulting in severe financial penalties and loss of export privileges."
RA-040,Human Resources,Director of Workplace Safety,"Risk that the organization experiences elevated rates of workplace injuries and OSHA recordable incidents due to insufficient safety training programs, lack of near-miss reporting culture, and inadequate hazard identification processes in operational facilities, resulting in employee harm, regulatory citations, and increased workers compensation costs."
RA-041,Information Technology,VP of AI and Analytics,"Risk that AI and machine learning models deployed in business-critical processes produce biased or inaccurate outputs due to lack of model validation frameworks, insufficient training data governance, and absence of ongoing model performance monitoring, resulting in discriminatory outcomes, regulatory action, and flawed business decisions."
RA-042,Finance,VP of Investor Relations,"Risk that material non-public information is inadvertently disclosed to select investors or analysts ahead of public earnings releases due to insufficient insider trading controls and lack of formalized Regulation FD compliance procedures, resulting in SEC enforcement actions and shareholder litigation."
RA-043,Legal & Compliance,VP of ESG & Sustainability,"Risk that environmental, social, and governance disclosures contain inaccurate or unsubstantiated claims due to immature ESG data collection processes, lack of third-party assurance, and evolving SEC climate disclosure requirements, resulting in greenwashing allegations, regulatory penalties, and investor skepticism."
RA-044,Procurement,Director of Category Management,"Risk that commodity price volatility significantly impacts cost of goods sold due to lack of long-term pricing agreements, insufficient hedging strategies for key raw materials, and reactive rather than strategic procurement planning, resulting in margin compression and budget overruns."
RA-045,Operations,Director of Real Estate & Workplace,"Risk that the organization's real estate portfolio is misaligned with post-pandemic hybrid work patterns due to long-term lease commitments on underutilized office space and lack of workplace utilization analytics, resulting in excessive occupancy costs and suboptimal employee experience."
RA-046,Information Technology,Director of Network Security,"Risk that the organization's network perimeter is breached through phishing or social engineering attacks targeting employees due to insufficient security awareness training and lack of multi-factor authentication across all enterprise applications, resulting in credential theft, lateral movement, and data exfiltration."
RA-047,Finance,Director of Credit & Collections,"Risk that customer accounts receivable become uncollectible due to inadequate credit evaluation procedures for new and existing customers and insufficient monitoring of aging receivables during economic downturns, resulting in increased bad debt expense and working capital deterioration."
RA-048,Legal & Compliance,Associate General Counsel - Employment,"Risk that the organization faces class action litigation related to wage and hour violations due to inconsistent classification of exempt and non-exempt employees across jurisdictions and lack of centralized timekeeping compliance monitoring, resulting in material settlement costs and operational disruption."
RA-049,Operations,VP of Shared Services,"Risk that shared service center operations experience elevated error rates and processing backlogs due to high staff turnover, insufficient cross-training, and overreliance on tribal knowledge rather than documented standard operating procedures, resulting in delayed transaction processing and internal customer dissatisfaction."
RA-050,Information Technology,Chief Data Officer,"Risk that the organization is unable to monetize or strategically leverage its data assets due to data silos across business units, lack of enterprise data catalog, and insufficient data literacy among business stakeholders, resulting in missed revenue opportunities and competitive disadvantage relative to data-mature peers."
